{"text": "Alexa,\u4f60\u53eb\u4ec0\u4e48\u540d\u5b57?\u4eca\u5929\u661f\u671f\u51e0,\u6211\u4eec\u5e94\u8be5\u53bb\u54ea\u91cc?", "segments": [{"id": 0, "seek": 0, "start": 0.32, "end": 2.9, "text": "Alexa,\u4f60\u53eb\u4ec0\u4e48\u540d\u5b57?", "tokens": [50381, 22993, 64, 11, 2166, 19855, 10440, 15940, 22381, 30, 50510], "temperature": 0.0, "avg_logprob": -0.20559118412159108, "compression_ratio": 0.8513513513513513, "no_speech_prob": 1.3839366284906784e-11}, {"id": 1, "seek": 0, "start": 3.7, "end": 7.72, "text": "\u4eca\u5929\u661f\u671f\u51e0,\u6211\u4eec\u5e94\u8be5\u53bb\u54ea\u91cc?", "tokens": [50550, 12074, 20682, 16786, 6336, 254, 11, 15003, 44297, 44646, 6734, 17028, 15759, 30, 50751], "temperature": 0.0, "avg_logprob": -0.20559118412159108, "compression_ratio": 0.8513513513513513, "no_speech_prob": 1.3839366284906784e-11}], "language": "zh"}